col_1,col_2,col_3
-2.1099416506349287,3.850007325915841,-3.850007325915840
0.010301408316698282,0.9244529636594749,-0.9244529636594700
0.9278912386700704,1.3473098702445376,-1.3473098702445378
0.29049073610623327,0.0585983878824232,-0.0585983878824234
-2.1575614958188294,2.3500699918148236,-2.3500699918148236
-0.10949818425337873,3.9358371407553556,-3.9358371407553556
0.4326747311207927,0.41958314289650855,-0.41958314289650855
-0.5746465085700339,0.582536854666293,-0.582536854666293
0.43723391457156013,1.0073316471236335,-1.0073316471236335
-1.994157894782076,3.153291676778739,-3.153291676778739
-0.44494703792398327,2.8419578376065515,-2.8419578376065515
3.7305924053903463,0.7053486083193041,-0.7053486083193041
1.0572795342918548,3.672135838230118,-3.672135838230118
-0.3128342932433837,0.7623420224238994,-0.7623420224238994
-2.1306876206370764,6.573507524182644,-6.573507524182644
-0.4451658632188651,0.5340351787661259,-0.5340351787661259
1.033923955334958,1.374853624333842,-1.374853624333842
-0.11316051560662199,1.159235421022236,-1.159235421022236
-1.765075408842741,2.020059527652704,-2.020059527652704
-0.3181140426920574,1.8860032245907878,-1.8860032245907878
0.4540218632769341,1.5143735225428814,-1.5143735225428814
-0.09566843314781841,1.507162255939495,-1.507162255939495
-1.4544038796765841,0.9651397095677626,-0.9651397095677626
-0.7083254297669352,2.8634661171182034,-2.8634661171182034
0.3376567349581011,0.7784202162957778,-0.7784202162957778
-1.0655626675209329,0.3009479712321462,-0.3009479712321462
3.0713474079724543,1.2400907813204751,-1.2400907813204751
2.6571871815266315,0.046021024046100166,-0.046021024046100166
0.2828890904212479,8.065347467244923,-8.065347467244923
0.5187859807415718,1.6276616138792581,-1.6276616138792581
-0.216602189280452,1.4223618330391328,-1.4223618330391328
-1.4958625006550557,1.9789159766680455,-1.9789159766680455
-0.4379997123011655,1.757780586897533,-1.757780586897533
-1.013453024968419,1.0346106981327896,-1.0346106981327896
-0.45486100590250667,0.5328577561086997,-0.5328577561086997
0.2461069958563644,0.04136774888111738,-0.04136774888111738
-1.155067218380138,1.2338816205060894,-1.2338816205060894
2.7417821392011406,0.14995882013115247,-0.14995882013115247
-0.5036295585176914,1.567689287033691,-1.567689287033691
0.2168917565655406,1.4758997653607595,-1.4758997653607595
0.6979272822236181,0.8544380632565902,-0.8544380632565902
-1.3018072188294225,0.6994996658475434,-0.6994996658475434
-0.8773250300380193,0.7153060616925468,-0.7153060616925468
3.4490281445546187,0.7070785467381286,-0.7070785467381286
-0.7019952353645202,0.8570995798027444,-0.8570995798027444
-0.2296473461234579,1.6986698637427842,-1.6986698637427842
1.9436993985646869,0.6927626552767341,-0.6927626552767341
-0.7192643484632968,0.297031005979025,-0.297031005979025
-0.8366639414923999,1.2360035852141982,-1.2360035852141982
-0.9046279562947813,3.7547893025642813,-3.7547893025642813
0.5694779654964144,0.10153480029636314,-0.10153480029636314
1.8875005402285687,0.8929030093980986,-0.8929030093980986
1.9934759642806774,0.45531623308977,-0.45531623308977
-3.215792906723332,1.622197597405828,-1.622197597405828
4.812693908707078,0.9858095880540386,-0.9858095880540386
0.02783822453109497,2.08165428740376,-2.08165428740376
-0.5799021197562353,0.3128971988348314,-0.3128971988348314
0.31295714511594275,1.7652928476321028,-1.7652928476321028
-0.7816147471619745,1.0817224720851133,-1.0817224720851133
0.9996049148616059,0.5781472213428159,-0.5781472213428159
-1.2527393884491498,0.0948603478145332,-0.0948603478145332
-0.9914647469152036,3.498446999260215,-3.498446999260215
0.3047091537297897,1.0378034573859396,-1.0378034573859396
0.30199143662870137,1.717644500049563,-1.717644500049563
0.020514321004058936,0.7292313643895588,-0.7292313643895588
0.46949622737579283,1.3564741041273274,-1.3564741041273274
-2.363357324297488,0.1973451241362788,-0.1973451241362788
-0.9899874277246606,1.9309155242474783,-1.9309155242474783
0.38943917867803035,0.7427943484329551,-0.7427943484329551
0.8171930631353692,8.068926971307905,-8.068926971307905
-2.4066699874981023,1.4368634194534162,-1.4368634194534162
0.3645933346569807,0.1984095700996332,-0.1984095700996332
-0.5530514714435067,0.3158137410410755,-0.3158137410410755
-0.4175775046414961,1.9437053822760875,-1.9437053822760875
0.007480353047132535,2.971016041010639,-2.971016041010639
-1.6323464694997691,0.6507721623772597,-0.6507721623772597
-0.13199072881952809,0.11857832552632896,-0.11857832552632896
2.2479821894324195,1.3300785432945366,-1.3300785432945366
0.9159230048970228,2.9747165462991303,-2.9747165462991303
-1.2475287027869038,0.5367284906148178,-0.5367284906148178
-3.9539628563960223,2.52500512858137,-2.52500512858137
2.5522882229163035,0.4038075246143471,-0.4038075246143471
-6.7667184466980475,0.964759718758589,-0.964759718758589
-0.5970133803895254,0.981794082296981,-0.981794082296981
-0.021461829662078383,0.6023323234460749,-0.6023323234460749
-1.1025760290352553,0.5151316544363005,-0.5151316544363005
-0.439557386656564,0.22058528353344367,-0.22058528353344367
-1.184832674114811,1.6351021126218703,-1.6351021126218703
-2.027093018711985,4.663291315530498,-4.663291315530498
0.6942453133582837,1.2537522131425123,-1.2537522131425123
-0.15094954125789284,2.24553085654249,-2.24553085654249
-0.18764706531112424,2.9343381648628135,-2.9343381648628135
-1.0640238566449558,4.185077487832642,-4.185077487832642
-1.4376709550289903,3.638749030145155,-3.638749030145155
-0.9080119868904887,0.5135220803004791,-0.5135220803004791
-9.545815764411747,1.0029743961100894,-1.0029743961100894
-0.6028760795370404,0.8012445737252066,-0.8012445737252066
-1.4480278541881126,0.6556631329976013,-0.6556631329976013
-1.3070490348091481,2.38920805028561,-2.38920805028561
-0.6509687880174143,1.5031217233617011,-1.5031217233617011
0.012333737157743456,1.0710385782325058,-1.0710385782325058
0.9682790904783325,1.5714895102628599,-1.5714895102628599
0.6692842847176195,1.7898034247030046,-1.7898034247030046
0.3379607472468272,0.14027951279107326,-0.14027951279107326
0.5463725137043105,0.9764101775003555,-0.9764101775003555
0.9672536216309673,0.12009562452997559,-0.12009562452997559
0.2686195892414254,0.7569303826809936,-0.7569303826809936
-0.2745768479550041,4.228993839181772,-4.228993839181772
2.646043910193127,1.1303064278645834,-1.1303064278645834
-1.318423112168859,1.1150398105216006,-1.1150398105216006
-0.3554603817351709,0.5356805721484859,-0.5356805721484859
1.7777712920139872,0.6514316612226169,-0.6514316612226169
-1.8300032961832435,2.270184693039559,-2.270184693039559
0.7142015279916539,0.5480383176037134,-0.5480383176037134
0.4957569062345854,0.1695442012926744,-0.1695442012926744
-0.2530077496769323,2.171977127088918,-2.171977127088918
-0.48545273708893727,0.35800152636361987,-0.35800152636361987
-0.31021175215790686,2.7113462211826134,-2.7113462211826134
0.25496939385705836,1.005158845692149,-1.005158845692149
-0.7144195388994848,0.43672174819308396,-0.43672174819308396
-2.0483498755564593,0.9048070766178566,-0.9048070766178566
-2.3527450597598043,1.430711732250735,-1.430711732250735
-0.2480757575344418,1.0381668815119376,-1.0381668815119376
-3.1747704979064775,0.6507646896432391,-0.6507646896432391
-0.6938973222384196,2.0494682619721964,-2.0494682619721964
0.1336594305277652,0.5120196059192964,-0.5120196059192964
1.1268594632789408,0.43547603034403837,-0.43547603034403837
-0.6729398705979711,0.20943595121422537,-0.20943595121422537
0.11631161170762236,0.20252928577087703,-0.20252928577087703
-1.705502956376227,2.1326810972056554,-2.1326810972056554
-0.9195203089196119,0.7747941354446521,-0.7747941354446521
-0.08241133173563414,2.928538448702472,-2.928538448702472
-0.726872295482476,0.8151517850530531,-0.8151517850530531
2.451230144188975,0.5328724585117235,-0.5328724585117235
2.1515459902925795,0.14460420100758697,-0.14460420100758697
-1.0633842397311843,1.9147765448337737,-1.9147765448337737
-2.6558226199691286,1.8476803611817778,-1.8476803611817778
-0.7858260003657367,1.2284508189593923,-1.2284508189593923
-0.2636073570076467,3.6261878805997503,-3.6261878805997503
-0.11740152316154083,0.3889609186888853,-0.3889609186888853
0.7780238905293901,0.966555563264976,-0.966555563264976
-0.11962399058682634,1.3521747455229616,-1.3521747455229616
0.30362800207699664,0.860606213045542,-0.860606213045542
4.865210084275705,2.719990242979156,-2.719990242979156
-2.5246071420943124,1.0631388466320106,-1.0631388466320106
0.28796262189540195,0.864671237688345,-0.864671237688345
-0.8023744398076549,1.0702329601918543,-1.0702329601918543
-0.2988990290951544,3.406035315345665,-3.406035315345665
0.016256928303261153,1.342566748686337,-1.342566748686337
1.3532032306360633,0.8915332701685088,-0.8915332701685088
1.070926255944114,1.1530929120747444,-1.1530929120747444
-2.0253114915512263,3.449394687026422,-3.449394687026422
2.8219437474637377,0.3049690807285452,-0.3049690807285452
-0.995965073421926,3.3207993649294165,-3.3207993649294165
2.9102565189442755,0.5599870221592195,-0.5599870221592195
-0.24757427294401374,4.718042537640809,-4.718042537640809
-1.24150386843187,0.1189749820105657,-0.1189749820105657
-0.3862276022134325,1.340656465804556,-1.340656465804556
2.311621791762701,1.933423397499091,-1.933423397499091
1.6189707219779332,0.644702963348261,-0.644702963348261
-0.5129369932464808,2.5184745382604823,-2.5184745382604823
-0.10245706244573116,3.235935541174867,-3.235935541174867
-0.7327183821284657,0.5968362007212239,-0.5968362007212239
-1.331875944026792,0.16272427715196583,-0.16272427715196583
-1.4256595675025958,1.6277093910494873,-1.6277093910494873
-0.19913166673256064,0.4632444350098093,-0.4632444350098093
-0.8966735085654658,0.2860785047175142,-0.2860785047175142
-1.8818240023743245,0.8344860005932491,-0.8344860005932491
-0.48463479054828257,0.3717604917293126,-0.3717604917293126
1.1179735489583098,0.3710642308571301,-0.3710642308571301
0.41330984675885196,1.0786069129091866,-1.0786069129091866
2.7052858549861174,0.4510858661936671,-0.4510858661936671
0.27437096890362755,3.0059181061453053,-3.0059181061453053
1.6893257407497948,0.7974273087193464,-0.7974273087193464
0.5053871926023433,1.8936209567698705,-1.8936209567698705
-0.8216028818286154,0.5177168135554091,-0.5177168135554091
-0.7363657024766901,0.7992069653788877,-0.7992069653788877
-0.48778740440994794,0.11987692679056106,-0.11987692679056106
1.0784825028322416,1.7016099048479845,-1.7016099048479845
0.5625959549118397,1.5429580318223708,-1.5429580318223708
0.8927786920266866,1.2891562168722817,-1.2891562168722817
-8.33899679930955,0.29788278281966935,-0.29788278281966935
1.7356368996677187,0.7962777349357593,-0.7962777349357593
1.3438445024537475,1.4290998189001844,-1.4290998189001844
2.0509454884851634,2.0602862364075865,-2.0602862364075865
-0.050132327210790216,0.2562879757763074,-0.2562879757763074
0.6707403723415515,1.4642343399651394,-1.4642343399651394
1.8151255584619013,1.6420413363772839,-1.6420413363772839
1.1650347415553644,0.7239229856680706,-0.7239229856680706
-0.8085870111768647,1.8597523049624767,-1.8597523049624767
-5.986850573158053,0.4357076642634443,-0.4357076642634443
-0.8692618831928285,1.2331550244995848,-1.2331550244995848
0.007708288139685521,1.8576969743186402,-1.8576969743186402
1.0358496200782799,1.0541057692880755,-1.0541057692880755
-0.2281857000539886,1.1810951533932592,-1.1810951533932592
1.2743992934129507,1.7518125342555928,-1.7518125342555928
0.6989013041561742,0.2516648710995291,-0.2516648710995291
-0.9419458689326335,0.6721878827415361,-0.6721878827415361
-0.3010945166973643,1.5072060620867127,-1.5072060620867127
0.7423011294279602,2.3210301783818896,-2.3210301783818896
0.0028679100331850628,2.0568162263343206,-2.0568162263343206
-0.8923014351884954,1.8733193540829298,-1.8733193540829298
-1.1929555800322613,0.408238808086288,-0.408238808086288
0.9711881352676994,0.44674058801172206,-0.44674058801172206
2.3765607212848567,2.5768588047125784,-2.5768588047125784
-2.830188099782615,1.0759602024774297,-1.0759602024774297
1.2217602876176805,0.3201745947811992,-0.3201745947811992
0.15637302333952594,2.1087004599838846,-2.1087004599838846
-0.4588208005805529,0.6573600353690019,-0.6573600353690019
0.18547759472038378,0.6685955499704955,-0.6685955499704955
-0.019221470267288186,3.2964216360037724,-3.2964216360037724
0.4277422672746274,2.4526998735476258,-2.4526998735476258
-0.3766782036672542,1.6361751467552912,-1.6361751467552912
-0.44733735395621205,0.7767004646867128,-0.7767004646867128
-2.4315548588979787,0.6007799814409135,-0.6007799814409135
1.3389572044021882,0.2049423408976734,-0.2049423408976734
-6.542341943418885,1.6865845638287595,-1.6865845638287595
-0.31277515613803614,1.499597719488462,-1.499597719488462
0.564280977366575,0.5398911502750393,-0.5398911502750393
0.48662609403586,0.9027506044687834,-0.9027506044687834
3.112753087257161,5.606457884671826,-5.606457884671826
0.28602819956081427,2.5087978176927024,-2.5087978176927024
-1.7539366072217875,3.3164790533659905,-3.3164790533659905
-1.175873304380506,0.07369634669386853,-0.07369634669386853
0.4848865527794876,1.3151297967110955,-1.3151297967110955
-0.047622195685197675,3.2593130003764226,-3.2593130003764226
0.28238788553587124,0.60446041069451,-0.60446041069451
-3.1170849262042033,0.6199716175670574,-0.6199716175670574
-0.23933246324709362,1.4342575723870676,-1.4342575723870676
-0.4621204030002533,0.2853949163732333,-0.2853949163732333
0.16616788953057202,1.0663294244512824,-1.0663294244512824
-0.5690614414334846,1.9094131121616866,-1.9094131121616866
-0.9600346957919794,0.48612780039083525,-0.48612780039083525
-1.0962428563447615,2.7549279025553903,-2.7549279025553903
0.984112421153252,3.200173885011213,-3.200173885011213
-0.8110602557487576,0.30482334167414665,-0.30482334167414665
-1.3514596419262566,2.239704626996711,-2.239704626996711
1.1379263085785434,0.7789268432883573,-0.7789268432883573
-2.66005326616922,0.10106009242728342,-0.10106009242728342
1.272431779915716,1.361934185001167,-1.361934185001167
-0.06600118621283532,1.4386449318733447,-1.4386449318733447
-0.06424639260469982,0.7864733308342644,-0.7864733308342644
-0.38516786551374493,1.501954337132954,-1.501954337132954
-0.12277737685425419,0.6608676668794422,-0.6608676668794422
0.52107853573819,2.0663354313898714,-2.0663354313898714
-4.3687266770220345,4.342175812738873,-4.342175812738873
2.3620949043543633,1.1241316829354961,-1.1241316829354961
1.5442906670121688,3.0184118996840854,-3.0184118996840854
1.847977963416256,0.5677446867317985,-0.5677446867317985
-0.9518106186156894,0.31615106877706695,-0.31615106877706695
1.1165531757818545,1.8639525188777304,-1.8639525188777304
-0.74927930785526,2.9048729042570707,-2.9048729042570707
-0.893154139306559,0.3624833237596151,-0.3624833237596151
-0.585171022660045,0.4834090521002584,-0.4834090521002584
-1.7881720069880531,2.4068101778336732,-2.4068101778336732
-1.7389018219268297,1.3605934671030497,-1.3605934671030497
-0.30909651699661056,0.8074510126375936,-0.8074510126375936
-1.8526517805575513,0.8209775450261013,-0.8209775450261013
1.9113498681791665,0.34788544145958705,-0.34788544145958705
0.7805647017196418,2.0498041997441163,-2.0498041997441163
-0.8042982903006353,0.27445686506017647,-0.27445686506017647
-2.816738139176754,0.7328688869626759,-0.7328688869626759
1.3564373413277888,0.42673663039220433,-0.42673663039220433
1.382948812634615,0.5959140174199189,-0.5959140174199189
4.509318055732984,0.1517245069292968,-0.1517245069292968
-0.04145023192419377,0.3160664251650554,-0.3160664251650554
-1.9916973362314265,2.0925430075317752,-2.0925430075317752
-1.2926841501416384,2.281865024717461,-2.281865024717461
-2.588102783060707,0.5015435051196001,-0.5015435051196001
1.8134562729989414,1.4743870585129863,-1.4743870585129863
0.5479052447714825,0.539464191373352,-0.539464191373352
-0.44949430484915076,2.935713112448024,-2.935713112448024
0.3636896109479509,0.5659522456136892,-0.5659522456136892
0.9103547437646388,5.104180844336473,-5.104180844336473
-0.20708515508392544,1.931485553638118,-1.931485553638118
0.4467031462181925,0.14218703945127642,-0.14218703945127642
2.1138762142702734,1.4082031560997903,-1.4082031560997903
-2.503889385048726,0.5624125322970616,-0.5624125322970616
1.4692411579041869,4.130238949214903,-4.130238949214903
2.2530391698552505,5.726486549329564,-5.726486549329564
0.9565030427239535,1.280298465521796,-1.280298465521796
0.7324522073037462,1.9013784083561986,-1.9013784083561986
-1.8313968086588512,0.6049407109462146,-0.6049407109462146
-0.08365801289034532,0.8049374637564283,-0.8049374637564283
-1.438918860867738,0.7903773048085316,-0.7903773048085316
1.8809431291172876,0.32249484054903704,-0.32249484054903704
-1.6763390545244945,0.4441833912768936,-0.4441833912768936
0.4436278781826474,0.6055776221417111,-0.6055776221417111
2.6253344677743953,1.093844493413006,-1.093844493413006
-0.1825684300874618,0.6524919581780433,-0.6524919581780433
0.33819431019051666,0.18364470684039408,-0.18364470684039408
0.5097152715190572,3.1865642813055874,-3.1865642813055874
0.3681319153465416,0.9218798392044365,-0.9218798392044365
-0.05240493114226415,2.776394668520204,-2.776394668520204
0.35572996265367396,3.111391407040619,-3.111391407040619
0.593448666977858,0.6583643070119574,-0.6583643070119574
0.1073933393754233,1.0317355986030003,-1.0317355986030003
0.8887152797468864,1.7167082620305414,-1.7167082620305414
-1.2688458788949675,0.17711323889744268,-0.17711323889744268
2.692931938296752,3.5499496005637514,-3.5499496005637514
-2.8876057107243116,3.995726994917996,-3.995726994917996
11.131425836133667,1.1119142039040455,-1.1119142039040455
1.1844422149334919,0.9128033871646133,-0.9128033871646133
1.892248204795155,0.07682799837795709,-0.07682799837795709
-7.317925521919156,1.6027996158442075,-1.6027996158442075
-2.9206239181478995,2.539236895084545,-2.539236895084545
-0.9120560607483363,1.0591869720450853,-1.0591869720450853
0.2549652911325777,1.6440902497785623,-1.6440902497785623
-0.1695221095963086,1.5046756206956102,-1.5046756206956102
0.986410266048276,0.4412230268692135,-0.4412230268692135
1.547426133576458,2.3849447982465786,-2.3849447982465786
3.243327491624487,1.3898783391123066,-1.3898783391123066
1.2613310729738758,2.1348492920052857,-2.1348492920052857
-0.2367405505397072,1.255331332691914,-1.255331332691914
-0.5822409114030356,2.0319630715793746,-2.0319630715793746
0.8677949527252736,0.012868256188391951,-0.012868256188391951
-1.0305582314353947,0.09709006911639703,-0.09709006911639703
-1.1224335247318387,3.4456081015163726,-3.4456081015163726
-0.674107865666747,1.1283284531104403,-1.1283284531104403
-0.7995034009281002,1.6834248117983426,-1.6834248117983426
-0.9026245181853448,0.9509592767368497,-0.9509592767368497
0.3517779067112008,0.6862027555966458,-0.6862027555966458
-1.4324828957807485,4.664447065944445,-4.664447065944445
-0.8777296820115181,0.9527393679389095,-0.9527393679389095
-0.23234140786046073,1.3156318000285923,-1.3156318000285923
1.1396281256480663,3.9752407401243843,-3.9752407401243843
1.4841072689901464,2.5438223993875586,-2.5438223993875586
-0.795593879300742,1.4426068283218016,-1.4426068283218016
1.003663010023725,0.8168645923456159,-0.8168645923456159
0.6583824372639738,0.5499391566908859,-0.5499391566908859
0.23961673984389803,0.004469200743993766,-0.004469200743993766
-0.6472290147350831,0.18139683311535343,-0.18139683311535343
2.4560768595472195,1.4168379296742624,-1.4168379296742624
-1.6283361159363932,4.417596635738145,-4.417596635738145
-0.6405735419870493,1.4557019803037181,-1.4557019803037181
0.7816674241414576,0.6912068422593135,-0.6912068422593135
-1.2778098456413822,1.0085790254923188,-1.0085790254923188
-0.7364897191163648,0.5071080132585338,-0.5071080132585338
-0.4188283490369802,3.3796411992494,-3.3796411992494
-1.9678322133897739,0.5140360251250117,-0.5140360251250117
1.5414257460959846,1.5262216599720588,-1.5262216599720588
-0.2823784469180114,2.3337638667727205,-2.3337638667727205
2.4528544994913957,0.5127542510001484,-0.5127542510001484
1.064924157045879,1.3632783524261645,-1.3632783524261645
-1.4779695101735302,0.8420227922814933,-0.8420227922814933
0.27541764076332265,2.3436949236330866,-2.3436949236330866
0.26422930722683313,2.6659122762549234,-2.6659122762549234
-1.143601886308764,1.1880967319145972,-1.1880967319145972
1.027905456301927,0.31141825284255714,-0.31141825284255714
-0.7090297158978238,0.30708382767458803,-0.30708382767458803
-0.22073579009730246,1.5661179715798244,-1.5661179715798244
3.1891678614922916,1.7563167058954932,-1.7563167058954932
1.1359921365976444,0.20844764601204777,-0.20844764601204777
-0.03777857451715618,3.7784317941153915,-3.7784317941153915
-1.1960763470406666,0.2548151279837709,-0.2548151279837709
-0.20678476903558426,1.1903797418285555,-1.1903797418285555
-2.179298972893388,1.2127839613310574,-1.2127839613310574
-0.4022618681813491,1.2808261564367016,-1.2808261564367016
0.4813693095221352,1.0924407652868666,-1.0924407652868666
0.33691572526938907,0.5672953757021579,-0.5672953757021579
-0.5989822806149859,0.44298802506143387,-0.44298802506143387
-0.05458879391922148,1.4442077135347868,-1.4442077135347868
0.7370283679638416,0.3193056407430141,-0.3193056407430141
0.9942901331156967,0.5790313116549435,-0.5790313116549435
1.6772610081643136,1.5540462369570245,-1.5540462369570245
0.5458790953357225,2.5496828931628985,-2.5496828931628985
-0.2127156615778357,0.2460612460073218,-0.2460612460073218
1.168554883019803,1.5766556922536028,-1.5766556922536028
0.1686663726308348,2.3235025164946683,-2.3235025164946683
1.491601450617786,0.7969420935089817,-0.7969420935089817
-1.7092319734494759,0.4326613552413578,-0.4326613552413578
-0.4447450885356422,0.27494542210298195,-0.27494542210298195
1.4352809926727421,0.48091027734299524,-0.48091027734299524
0.09043076071706259,0.2030517384267826,-0.2030517384267826
-0.41799395834471625,0.8717877289834393,-0.8717877289834393
-0.3011811483058669,0.5014232710505179,-0.5014232710505179
-0.08953695062933484,1.5774871835499582,-1.5774871835499582
0.03327980806690741,3.1680306004747485,-3.1680306004747485
-0.4622581822791759,0.38413812079551074,-0.38413812079551074
0.7492724566830097,1.6846827919566028,-1.6846827919566028
-1.0111320414930474,1.193939683887486,-1.193939683887486
-1.1706999288398912,3.166651374003495,-3.166651374003495
0.3192840996740251,0.41366171658873274,-0.41366171658873274
1.2490677660954708,3.410391543594834,-3.410391543594834
2.4422495580515893,0.7206459915281845,-0.7206459915281845
-1.536969196704758,1.962133868396928,-1.962133868396928
1.7556132685954393,1.6313558966490707,-1.6313558966490707
0.24303193297690623,0.15096526196844914,-0.15096526196844914
-1.157389351472206,1.7463689458798306,-1.7463689458798306
-0.39431408125066436,0.9088587354973607,-0.9088587354973607
0.44281776228058845,2.8743863076664256,-2.8743863076664256
-1.2641438100948337,2.998896325347667,-2.998896325347667
5.477216379151147,1.3804614436701437,-1.3804614436701437
-0.04980045232497722,3.6228910453539114,-3.6228910453539114
2.2350682368676926,0.689080083562261,-0.689080083562261
-1.1798131827449225,0.779666542623911,-0.779666542623911
7.5265644147104505,2.748417812175251,-2.748417812175251
-0.9529629043922284,3.454150900799236,-3.454150900799236
0.30073163978824663,0.7757332741641441,-0.7757332741641441
0.08051976826102031,0.7449588525014218,-0.7449588525014218
-1.2411971596799096,1.7261973695377546,-1.7261973695377546
1.2301882876635846,2.442584892798837,-2.442584892798837
2.4133436038747367,0.5662138738046383,-0.5662138738046383
1.5682715719622498,1.1006197795186585,-1.1006197795186585
-0.5295755794960474,0.17693423444339385,-0.17693423444339385
0.902862222713879,2.09795213120809,-2.09795213120809
0.7422366387752329,1.508566685991905,-1.508566685991905
1.8154265668335727,0.1817112502717033,-0.1817112502717033
0.6373146139094453,0.5098782405372718,-0.5098782405372718
1.4181991592230618,0.09971000890662937,-0.09971000890662937
1.8401040494711025,0.3016932468670819,-0.3016932468670819
11.427661475603665,2.431976611876118,-2.431976611876118
-0.5016425986017803,0.7350020100259511,-0.7350020100259511
-2.123801223606775,1.8627146668932657,-1.8627146668932657
0.9054830990703677,0.4171440022494464,-0.4171440022494464
0.46112527806009446,2.740037581785883,-2.740037581785883
-0.17182196695322757,2.76061526038833,-2.76061526038833
-0.11639693182944469,3.5687363783829418,-3.5687363783829418
-1.9129874103825069,1.3595412001271938,-1.3595412001271938
2.4382460896187372,0.615074552862424,-0.615074552862424
-0.04681597260563751,0.7489337532788509,-0.7489337532788509
1.5255495013207887,1.5659726816909558,-1.5659726816909558
0.9811951916710195,5.5148241429740175,-5.5148241429740175
4.284657459378896,4.115651512042489,-4.115651512042489
-0.422058381576584,1.9863758394025293,-1.9863758394025293
0.6864771041077804,0.20660220322645914,-0.20660220322645914
0.6258534027320088,2.3163204099870116,-2.3163204099870116
0.8941325596276893,0.7821671615451473,-0.7821671615451473
-0.554454996444052,0.6477049103603403,-0.6477049103603403
0.4751679515340609,0.17997883990974844,-0.17997883990974844
-4.553112886899119,2.598395209036339,-2.598395209036339
1.2226317349785787,0.7298794985089341,-0.7298794985089341
-9.030963432197948,2.3455587913731533,-2.3455587913731533
0.14449733966442488,2.127656736063744,-2.127656736063744
-0.44353137693442013,3.398416211165086,-3.398416211165086
0.7086716758556071,1.441019366450283,-1.441019366450283
-0.10927584668892036,2.63196519220429,-2.63196519220429
1.3520773103144164,1.2541822853099942,-1.2541822853099942
0.0049862053551652736,3.4583648588533205,-3.4583648588533205
-0.5253446174703688,2.81087134280334,-2.81087134280334
0.6367611206283833,0.09792543363618961,-0.09792543363618961
-0.4615555259550984,2.1138982285638743,-2.1138982285638743
-1.401818816247299,0.6168699417826178,-0.6168699417826178
-0.13827178599447304,1.2304610895233474,-1.2304610895233474
-1.0995715871480103,0.09556430371839308,-0.09556430371839308
1.1061735325785809,4.010715820386774,-4.010715820386774
-2.5175912917842744,0.3828814811303579,-0.3828814811303579
0.13201919588532116,0.894498475583037,-0.894498475583037
-0.948036069359917,1.0355168263952976,-1.0355168263952976
-1.4488940605805207,0.4549195867207613,-0.4549195867207613
0.5205232970074344,1.174989363550828,-1.174989363550828
1.9500524660973704,1.9825666480611834,-1.9825666480611834
1.6565486168954513,2.115795855537883,-2.115795855537883
0.923923708588616,0.06863296825001486,-0.06863296825001486
-0.719176787307206,0.615869164669652,-0.615869164669652
0.38728777794873126,1.942618634267543,-1.942618634267543
2.658991715849862,2.100724097976331,-2.100724097976331
0.3080175702635453,0.9068185554508815,-0.9068185554508815
0.5739489578518921,0.8459952295215699,-0.8459952295215699
0.4092844199661209,2.838548693527722,-2.838548693527722
1.451554413975573,0.1936276322626888,-0.1936276322626888
0.4097611154678255,1.461645830080136,-1.461645830080136
-1.5010478325254624,0.6178813491426172,-0.6178813491426172
0.11634451899417377,1.0033975456358832,-1.0033975456358832
0.39988828619744704,0.9234912746688712,-0.9234912746688712
-1.0862591497378247,0.29042381811397233,-0.29042381811397233
0.20695958608016965,0.3246297059681084,-0.3246297059681084
-0.25616597507300803,2.0601733279206758,-2.0601733279206758
-0.26567557651578033,3.1532146617426426,-3.1532146617426426
-0.01462317412141625,5.128458631496576,-5.128458631496576
-1.1656171050695388,4.425589491141196,-4.425589491141196
2.2632569768269923,0.07105176716953147,-0.07105176716953147
-0.642243313548333,0.3549853296487372,-0.3549853296487372
0.4329956008348961,0.4535381749326433,-0.4535381749326433
1.261308343717723,0.5508697561282917,-0.5508697561282917
0.547215960390537,0.08820014112921772,-0.08820014112921772
-1.5510219801429737,4.864646450005341,-4.864646450005341
-0.12153999503284586,0.6359628975107635,-0.6359628975107635
-2.3500796883918507,2.0479553935883876,-2.0479553935883876
-4.654277569640277,5.791651520345146,-5.791651520345146
0.3932461883446305,0.7637688770801729,-0.7637688770801729
0.947182712421251,1.5295995665874993,-1.5295995665874993
0.5610898037040947,1.3883792359765055,-1.3883792359765055
0.07582677950097653,1.072330292571374,-1.072330292571374
0.5289440050719233,0.6803501722501173,-0.6803501722501173
-0.8153597039065819,6.705343213624759,-6.705343213624759
1.7477887687953915,1.6212017915116634,-1.6212017915116634
0.33788360945999363,1.5815912043029756,-1.5815912043029756
-0.27349283656029083,3.7296148777022573,-3.7296148777022573
-0.7291928279547899,0.8311197591296137,-0.8311197591296137
0.6662260737957836,0.6552300299025182,-0.6552300299025182
-5.825244866637775,2.406038972643466,-2.406038972643466
1.777515482402431,5.695295597213324,-5.695295597213324
-0.3441754715821877,1.8992841809368046,-1.8992841809368046
-0.9532309535819132,2.4467829312953313,-2.4467829312953313
-0.4876075424397352,0.942667413360974,-0.942667413360974
-0.8513530461867855,0.7093149192442144,-0.7093149192442144
0.6245495587940713,3.178297878651874,-3.178297878651874
-0.2508423979292668,2.5583509994652522,-2.5583509994652522
-0.14757406425046402,0.24093138749835105,-0.24093138749835105
-2.8157265272158596,2.631171979361449,-2.631171979361449
0.397867700144015,0.5823988950843063,-0.5823988950843063
-1.3647451624159006,1.1549487348702114,-1.1549487348702114
-2.6507269629475103,0.7253913981654267,-0.7253913981654267
1.076628220827847,0.30013444261616584,-0.30013444261616584
-0.448200473304869,1.842330612369538,-1.842330612369538
-0.15617149691467,5.011431889366467,-5.011431889366467
2.3646342347586087,1.0389981818638259,-1.0389981818638259
-0.019613521565731783,0.46828697616291803,-0.46828697616291803
-0.6909985634458785,0.3639116491631934,-0.3639116491631934
-0.1606805398093767,0.6402331498254551,-0.6402331498254551
1.9990529259031762,1.141453261360431,-1.141453261360431
-0.7482060074543263,4.512922081206105,-4.512922081206105
-0.6195516812334982,2.191718716180277,-2.191718716180277
0.40893906511795525,0.7677382449837042,-0.7677382449837042
0.7990623568677468,1.1720089773714255,-1.1720089773714255
0.24417813156774693,1.2416910125573075,-1.2416910125573075
1.2574528885361407,3.4020398671281007,-3.4020398671281007
2.491669019048679,0.9152591050864184,-0.9152591050864184
-0.33340776224118635,1.8900405943387912,-1.8900405943387912
-0.9707571785380581,1.4114198729685705,-1.4114198729685705
0.8327694301639982,3.6326562523432138,-3.6326562523432138
-0.5544057160017966,1.0968196748022536,-1.0968196748022536
0.33695799205733856,1.661933279537061,-1.661933279537061
-1.0170450228058936,0.03220091955656743,-0.03220091955656743
0.2028225028257336,1.320863065158022,-1.320863065158022
-1.876126341160479,2.2890455653331663,-2.2890455653331663
0.2681610378517677,0.11732656433426451,-0.11732656433426451
-0.8347135032967186,3.2855374082323983,-3.2855374082323983
-0.6577975014791125,1.42029497989099,-1.42029497989099
-2.222007926978578,3.5904214327218282,-3.5904214327218282
-0.1374398868902512,2.3515093953796806,-2.3515093953796806
-4.619837694743635,2.014477148617347,-2.014477148617347
-1.8117583072946586,2.480042591757601,-2.480042591757601
-2.049682388412123,0.450714133421762,-0.450714133421762
0.685677460165413,2.254034926396707,-2.254034926396707
0.359816503395663,0.7438864240652604,-0.7438864240652604
0.8064079922946871,0.1454237629952595,-0.1454237629952595
-0.19404230377062393,1.3937696283121628,-1.3937696283121628
3.79408404560219,0.35589544955595015,-0.35589544955595015
0.03153305590964432,0.5350374899692784,-0.5350374899692784
0.4826413530345798,0.278349626109555,-0.278349626109555
0.5491999301063848,0.40106885395023334,-0.40106885395023334
0.31760757215596885,0.6973166453946897,-0.6973166453946897
-1.4467947721998462,0.8235728627937501,-0.8235728627937501
0.5884668029483533,1.5894456638467105,-1.5894456638467105
-0.4143640075673839,1.5616069714965863,-1.5616069714965863
-0.9346791878131097,1.056658113469193,-1.056658113469193
-0.3215932334421872,0.24425639007765199,-0.24425639007765199
0.2097949607535498,2.2340597752065685,-2.2340597752065685
0.052658072226458935,1.3382787060914794,-1.3382787060914794
-0.678466966532772,1.2512896384533125,-1.2512896384533125
0.15725679089403607,1.1415023700463207,-1.1415023700463207
-0.4747474525226955,1.1322430630597287,-1.1322430630597287
0.43010551043241524,0.4589634497301036,-0.4589634497301036
-2.10396894724752,0.6707271737787596,-0.6707271737787596
0.49012157155352354,0.7389540845111476,-0.7389540845111476
0.643490803931877,2.9485355965924227,-2.9485355965924227
-1.7620547435168028,2.296330215000069,-2.296330215000069
-2.0072190419659623,1.9408984626463683,-1.9408984626463683
-1.4146531329901169,1.6574970620182192,-1.6574970620182192
0.632072356105201,1.8591229799722495,-1.8591229799722495
0.9173749957733729,1.0240919744675387,-1.0240919744675387
-0.2901096425498703,0.4027678423195668,-0.4027678423195668
0.790554485020394,2.2428169727567715,-2.2428169727567715
-1.5819153872152243,2.8264174257838377,-2.8264174257838377
1.3018324534171613,0.11796043995877745,-0.11796043995877745
-0.06367336600320045,1.7744344285123352,-1.7744344285123352
-0.7519144324739603,1.1600565833329928,-1.1600565833329928
-0.504767573788143,0.5505913974121207,-0.5505913974121207
-0.9854896447062853,0.9259203951317594,-0.9259203951317594
-0.08930801803133082,2.1125511770635526,-2.1125511770635526
0.8621730905371164,0.13969568302787455,-0.13969568302787455
-0.5196360560544615,0.4565923311251317,-0.4565923311251317
2.1309676059868052,6.271222395939321,-6.271222395939321
0.0987603261035046,2.1513039925483715,-2.1513039925483715
1.5975157514194573,0.892856432880971,-0.892856432880971
1.217868829781291,0.0363028538546106,-0.0363028538546106
0.3772034702283332,3.4926495564095927,-3.4926495564095927
-0.07312576190175998,0.2138472833575383,-0.2138472833575383
0.41329787116602634,1.7302964381289339,-1.7302964381289339
-0.27868205217019076,2.156155836733204,-2.156155836733204
-2.5703077632557707,0.79491160210902,-0.79491160210902
-0.9681257861457473,1.8191268172918729,-1.8191268172918729
-2.6952414757791545,2.917265152751969,-2.917265152751969
4.475964687366531,0.12448114728755408,-0.12448114728755408
-0.5558404619269093,0.5069477914727106,-0.5069477914727106
-2.2254074091149123,4.032027980915122,-4.032027980915122
0.1926918862808178,0.1517736289487685,-0.1517736289487685
0.7192003856469964,2.661896781103435,-2.661896781103435
1.7136065314609266,2.3252947295807127,-2.3252947295807127
3.4372725067767465,2.743706587246929,-2.743706587246929
-0.8055165995113223,1.090336776159571,-1.090336776159571
0.29227228090645463,0.3295271334156061,-0.3295271334156061
-0.5561547546315905,0.4437234468080469,-0.4437234468080469
-1.942748259399939,0.3263933497417235,-0.3263933497417235
0.4592335813628596,0.9716406992059686,-0.9716406992059686
-2.692153520971887,0.49837613329327723,-0.49837613329327723
-1.693723855265241,1.0795778478116271,-1.0795778478116271
1.3918592807508832,1.7535736370829023,-1.7535736370829023
1.266405765586339,0.5123271475429579,-0.5123271475429579
-1.2934200854055677,1.744922165889238,-1.744922165889238
0.5744075701638958,0.43518405705373736,-0.43518405705373736
-0.05478471165516481,4.473327459797461,-4.473327459797461
-0.2551678521639765,0.7629678102878809,-0.7629678102878809
1.2167040238070728,0.6810981331599221,-0.6810981331599221
2.76398354565935,0.629487745734463,-0.629487745734463
-1.6437909957350105,0.804555725891522,-0.804555725891522
-0.7177090199982052,1.8493928950595562,-1.8493928950595562
-3.215332896556532,1.5404246984548005,-1.5404246984548005
1.1418929066511951,0.16032566490397637,-0.16032566490397637
0.36441518115872384,0.6149475918850683,-0.6149475918850683
4.143500629012296,1.163124414660583,-1.163124414660583
1.262803452312107,1.0874594616592335,-1.0874594616592335
0.9983938433309393,2.749494271830526,-2.749494271830526
-0.9015912369160298,0.17796393771518085,-0.17796393771518085
-0.8501991546134225,0.272213417180371,-0.272213417180371
0.013846548136440198,0.7666875946701777,-0.7666875946701777
-1.9691635326033088,0.5383148660888374,-0.5383148660888374
-2.1063387181186215,0.5185864632455994,-0.5185864632455994
-0.6101470455616474,2.580295919500009,-2.580295919500009
-2.1158193378856565,1.0145822530700077,-1.0145822530700077
1.0555662842865594,0.5703433427487212,-0.5703433427487212
-0.1318800722117741,0.39359676789876474,-0.39359676789876474
-1.233345947989335,1.525027130612956,-1.525027130612956
0.2870442595553472,0.8221683785024556,-0.8221683785024556
0.3438110024781656,4.2367617705108165,-4.2367617705108165
-3.848220945443676,2.1272756385522325,-2.1272756385522325
0.1592645721573981,1.8126014733478442,-1.8126014733478442
-0.8567271220023622,0.5417033457162298,-0.5417033457162298
-4.545634464598691,1.590530582546701,-1.590530582546701
-0.10713373684576043,2.133860621517512,-2.133860621517512
-0.3827289185680189,0.19171169769027901,-0.19171169769027901
-1.7935061728322095,2.372091248721234,-2.372091248721234
-1.2156608833494236,1.0954793264013316,-1.0954793264013316
-0.054367036608433984,1.349650860050751,-1.349650860050751
0.7679206081035611,0.037518487198777206,-0.037518487198777206
5.915041745840301,1.2785367740169846,-1.2785367740169846
0.7430486111800448,1.126236442320596,-1.126236442320596
-1.2413904400245472,0.3180548247564078,-0.3180548247564078
0.8603784195647903,0.7372322177648595,-0.7372322177648595
-1.0469606769723336,2.4305529697172163,-2.4305529697172163
-0.24849685178468373,0.9120218555147833,-0.9120218555147833
-0.00546647179315423,2.590863673916248,-2.590863673916248
0.11728108184269254,0.4889859689971717,-0.4889859689971717
1.04491084273024,1.1503136957720232,-1.1503136957720232
0.758598260304887,2.0538130286822445,-2.0538130286822445
1.32212772155428,2.0845094669944957,-2.0845094669944957
-0.3500556915842511,1.0221120955894705,-1.0221120955894705
0.24966934834934548,0.2107964673600222,-0.2107964673600222
-0.38827854244370263,0.9933654598075784,-0.9933654598075784
1.3887707292272535,1.6684317068587255,-1.6684317068587255
2.0313370755329325,1.6809289954353046,-1.6809289954353046
0.21651617259266173,0.30237818466807803,-0.30237818466807803
-0.6296409064332125,1.7913702140939531,-1.7913702140939531
1.4181138878943462,0.30576881021199337,-0.30576881021199337
-0.5235198176470267,0.5638856968425284,-0.5638856968425284
-0.29459694802703973,0.02266010333657394,-0.02266010333657394
-5.925859663419881,2.704590334061057,-2.704590334061057
-0.2984449326178307,2.2583971473987434,-2.2583971473987434
-1.0321814368703754,1.8522143743666781,-1.8522143743666781
0.28245499112160466,0.07002920496756365,-0.07002920496756365
-1.3642395043022586,0.3490237998435617,-0.3490237998435617
0.15995686964863767,1.6641675953802124,-1.6641675953802124
1.7589821513430135,0.8539288968721049,-0.8539288968721049
-0.1791749219299545,5.008952434690611,-5.008952434690611
0.00309608258656601,1.6165640032644983,-1.6165640032644983
-0.7670177682960301,0.5391194796009596,-0.5391194796009596
-0.4128891622891131,0.6370616458551639,-0.6370616458551639
2.2782768846427257,0.7186050689573219,-0.7186050689573219
-0.5705035819352873,1.0107291052387555,-1.0107291052387555
-0.4310677570916824,0.9462142897009623,-0.9462142897009623
1.1351302266651935,0.4043490576622797,-0.4043490576622797
0.4770751896014206,2.523700426396735,-2.523700426396735
-0.2187442320096786,1.3407362288378184,-1.3407362288378184
-0.1535539263082068,1.8035393801813724,-1.8035393801813724
-0.22290960513451186,0.5645039032290089,-0.5645039032290089
-1.6044690604385912,2.4567762350002607,-2.4567762350002607
0.9281708065820059,1.0358340825481038,-1.0358340825481038
1.2730615119131972,0.22684352292474028,-0.22684352292474028
-1.956893056119434,1.14783114999205,-1.14783114999205
-0.3229570819870634,0.2858524207776477,-0.2858524207776477
0.5943579216195266,3.1318609976235297,-3.1318609976235297
0.5279281669908075,1.9346485341547754,-1.9346485341547754
2.0092349335909647,0.3743197189858688,-0.3743197189858688
0.267786576160588,1.6429936333335748,-1.6429936333335748
0.09572468580149922,1.8394451073934635,-1.8394451073934635
4.594614694322583,1.5913166641689016,-1.5913166641689016
-0.11801202446246904,0.6016445986362091,-0.6016445986362091
2.833647662497181,1.4292096942475647,-1.4292096942475647
-0.2307591965629186,0.3929227990595625,-0.3929227990595625
-0.6376072852930809,0.3214968981492905,-0.3214968981492905
0.10121118003018846,0.9031979283794759,-0.9031979283794759
1.0613712776570001,1.9826755892961414,-1.9826755892961414
2.4876244073802662,0.27435184891868075,-0.27435184891868075
-1.6420199830468267,0.7441312257248514,-0.7441312257248514
0.5227107783311489,1.1432400531646771,-1.1432400531646771
-0.6929568889325788,1.4409687255959067,-1.4409687255959067
-2.356295190417444,0.2149614432094331,-0.2149614432094331
-0.9300307206073639,1.3174021054877774,-1.3174021054877774
-0.7147201356027677,0.03542871967477337,-0.03542871967477337
-2.3618723579875813,3.9045493234457305,-3.9045493234457305
-1.4968262496433882,1.1331438972609154,-1.1331438972609154
-0.39174581636242545,0.35434811389417886,-0.35434811389417886
-0.4329656714630925,2.9517012434505387,-2.9517012434505387
3.37364119397676,0.31192644451827756,-0.31192644451827756
2.426072372062634,0.5219373192212978,-0.5219373192212978
0.12359324900600882,1.0357396051087333,-1.0357396051087333
-1.025069169324187,0.1106911696016465,-0.1106911696016465
1.7978556411854867,1.213988959172738,-1.213988959172738
-1.0868839650459645,1.4577081896384099,-1.4577081896384099
1.3994347352491598,5.55166923057826,-5.55166923057826
-0.36420092725334313,0.7965933634456037,-0.7965933634456037
0.2070101980783885,1.057149231034526,-1.057149231034526
-0.10824726936630985,1.4526532323730117,-1.4526532323730117
0.4210403716967305,0.7938599038801201,-0.7938599038801201
-3.6627505130228166,0.6864429898080004,-0.6864429898080004
0.9584168762960988,2.0333486630424016,-2.0333486630424016
-0.1461601530543691,0.30825246337884726,-0.30825246337884726
0.4184025398132949,0.8713177077893034,-0.8713177077893034
-0.723207804405979,0.5003403518850158,-0.5003403518850158
-0.9607820163200966,0.287888310414343,-0.287888310414343
2.8839847340610043,6.125025533164458,-6.125025533164458
-0.24272201655686443,0.9300407126236121,-0.9300407126236121
-0.13308253327469738,1.6142181384159788,-1.6142181384159788
0.40245652829302686,0.7175405117153594,-0.7175405117153594
-0.09684015686613831,1.9302919520310349,-1.9302919520310349
2.5435566557851095,1.072277533797597,-1.072277533797597
-0.15905592700054028,0.8640134555832479,-0.8640134555832479
-0.4609695033271114,0.9656680511351586,-0.9656680511351586
-1.9166000103862686,0.08433801207901807,-0.08433801207901807
0.5855325949884156,0.906626003955344,-0.906626003955344
0.14633888583890617,0.030485989652718464,-0.030485989652718464
-1.2993242135237255,0.6495269895976569,-0.6495269895976569
-2.5669043416101163,1.6698746128942787,-1.6698746128942787
0.654405717830199,3.9016126924844383,-3.9016126924844383
0.46742436909922075,1.1877841056442318,-1.1877841056442318
0.1873384761228472,1.3489265787176867,-1.3489265787176867
0.6470708312610042,1.064289042441997,-1.064289042441997
-0.3212042003318799,0.31729811054287477,-0.31729811054287477
-0.8196896306264452,1.0652960147203607,-1.0652960147203607
-2.035862325417519,0.5013991039480177,-0.5013991039480177
1.4460108701679928,3.9290544027869325,-3.9290544027869325
0.08548161907835969,4.3798732212831295,-4.3798732212831295
4.847329232695776,0.8707199703418093,-0.8707199703418093
-0.9682207436969017,0.44343606854140494,-0.44343606854140494
-0.5326974963102079,0.27438319382088483,-0.27438319382088483
-2.0381469819328735,1.646324327340303,-1.646324327340303
-1.5417455779765277,1.7078089867599968,-1.7078089867599968
-1.044763033049621,1.04644869346695,-1.04644869346695
0.3403784402359233,3.3555373056203974,-3.3555373056203974
0.8692797580197382,1.3180852388895625,-1.3180852388895625
2.0476192756627283,4.50744599478272,-4.50744599478272
-0.1908432106795137,5.578813570822958,-5.578813570822958
0.24674474282168082,0.36578471873186663,-0.36578471873186663
0.37089611620817925,3.8616839142029913,-3.8616839142029913
-0.28653336175304694,2.6851049306828174,-2.6851049306828174
0.8372324843809313,2.6818568832353646,-2.6818568832353646
-3.283712779923045,0.12390402200903107,-0.12390402200903107
0.8639795779585078,0.17909260762895987,-0.17909260762895987
1.0100676447773387,2.739892119626573,-2.739892119626573
1.0117988314090807,0.7133557471964757,-0.7133557471964757
0.7238376080985851,1.980996521337601,-1.980996521337601
0.1283546791862205,1.532519803522843,-1.532519803522843
-0.11310382163410958,1.3105723901902873,-1.3105723901902873
0.02767164599492171,4.1798707338908185,-4.1798707338908185
-0.24221148100058032,0.5888780392177876,-0.5888780392177876
0.8537610107878122,1.183164051240939,-1.183164051240939
-0.4115284224539309,1.64491341227336,-1.64491341227336
-2.3185319115292846,0.6589399380459606,-0.6589399380459606
0.8454673956100817,0.854483174028469,-0.854483174028469
-0.33955532943449845,1.0293556932885604,-1.0293556932885604
-0.6514344726577477,2.9549884519741867,-2.9549884519741867
1.002469982287494,1.8334281029753976,-1.8334281029753976
-0.90045503315923,1.152162890833807,-1.152162890833807
0.13568375059473298,0.7011054575538879,-0.7011054575538879
0.6073313313587512,1.9787248841502614,-1.9787248841502614
0.09828779383341153,1.7482621772937441,-1.7482621772937441
-0.25236766673028277,0.4470220357624691,-0.4470220357624691
-0.34196622138259447,0.14769951626716624,-0.14769951626716624
-0.08832075423597534,0.33310554093143097,-0.33310554093143097
0.18515202912629905,2.227474126461775,-2.227474126461775
0.224105681959906,0.475447080749204,-0.475447080749204
0.06704178911594154,1.9164440325970808,-1.9164440325970808
0.0921290782441874,1.42916275235094,-1.42916275235094
0.27330440555298435,1.3131370292231273,-1.3131370292231273
-0.0755711253249186,2.375432837320108,-2.375432837320108
-1.6928990384263907,1.0698512309233092,-1.0698512309233092
-0.3165128698967582,1.0668138717522695,-1.0668138717522695
0.0005143786892680897,0.8030274021328857,-0.8030274021328857
2.4385736208580386,0.31218171182512616,-0.31218171182512616
-0.020413115368401333,1.9513755115282538,-1.9513755115282538
0.016542537266553452,0.023377014248615456,-0.023377014248615456
-2.0693461916782763,1.1381789134507532,-1.1381789134507532
-0.6006132164136718,3.1378309684036623,-3.1378309684036623
0.25953988656046323,0.7769626222669805,-0.7769626222669805
-0.9235834458966631,0.325695520266212,-0.325695520266212
-1.6756165926619502,2.002438521691311,-2.002438521691311
-1.5405630005509365,0.5702626745976503,-0.5702626745976503
0.5197454493395783,3.055762121823225,-3.055762121823225
0.47592988266980574,0.24852404347872054,-0.24852404347872054
0.4122269047812774,1.9539771894838742,-1.9539771894838742
-1.8615008981172538,6.0233206263417705,-6.0233206263417705
-1.8550316045406603,1.7182950726689188,-1.7182950726689188
0.23272374245845479,1.0423043639375744,-1.0423043639375744
-0.2860935557111298,1.0436847730839538,-1.0436847730839538
-3.7058003958644115,1.2062655102272128,-1.2062655102272128
0.6958675620831221,2.0680584090374268,-2.0680584090374268
2.9691308593520267,2.4617723779356186,-2.4617723779356186
0.1262015200851111,1.756241619013997,-1.756241619013997
2.2591278241370962,3.0246262744839996,-3.0246262744839996
-0.3876223738930183,1.2598865145084126,-1.2598865145084126
1.2794972802234164,0.6349367772378853,-0.6349367772378853
-0.1329386261291541,3.120052918905043,-3.120052918905043
4.0364202071224655,0.058435948133561136,-0.058435948133561136
0.8783007760165299,1.8676828236730965,-1.8676828236730965
0.027431292558997795,0.29706347196704797,-0.29706347196704797
-1.9639961546333153,1.7103162034344197,-1.7103162034344197
1.517445257594518,0.687158582781338,-0.687158582781338
1.1615677517037493,2.7203885455470296,-2.7203885455470296
0.2461358869855977,0.5657754272584382,-0.5657754272584382
0.4297242853284386,0.06379600828053998,-0.06379600828053998
1.2163961070300544,2.1274773020582916,-2.1274773020582916
-1.0041749772440685,2.2874557330014955,-2.2874557330014955
-0.6081873934611941,1.014553911134314,-1.014553911134314
-0.9280373781912029,2.683757796649533,-2.683757796649533
-0.2685048540445163,0.10928766087551846,-0.10928766087551846
0.5554570305626004,2.1195489278265263,-2.1195489278265263
0.7561656472557983,0.36401419871258994,-0.36401419871258994
0.295713952509229,1.2187002622264673,-1.2187002622264673
-2.1591249392395384,0.26933633249341293,-0.26933633249341293
-0.08346848813789308,1.2876188059311224,-1.2876188059311224
-0.08745466605998524,0.42749870722981,-0.42749870722981
-0.5934075723491994,1.7329797740300121,-1.7329797740300121
-1.1075512451331908,2.732671382261104,-2.732671382261104
0.5870728650159444,0.3806728862903487,-0.3806728862903487
0.5690790353301947,0.8544739206375201,-0.8544739206375201
0.5559888093682814,2.3333102573018714,-2.3333102573018714
-0.15505973509033308,0.7168961270275308,-0.7168961270275308
1.4118610852442741,2.4795462564410204,-2.4795462564410204
1.4014313596579613,0.48397659625389355,-0.48397659625389355
-1.705657143651203,1.2679040371016737,-1.2679040371016737
-1.352112542143611,3.22327706966687,-3.22327706966687
0.5980028189522655,0.5325921273901271,-0.5325921273901271
0.1160407804518949,1.0275009370032495,-1.0275009370032495
0.12637697454637783,1.8991453924459623,-1.8991453924459623
0.6748699995787549,0.23921956086461477,-0.23921956086461477
-0.18706027198825773,1.8091782592248595,-1.8091782592248595
-0.018097523733155433,0.42341543357875844,-0.42341543357875844
-1.5688556108314358,1.3553940776309512,-1.3553940776309512
0.694735287685556,0.1204101307515467,-0.1204101307515467
-0.1195944031792425,0.8513683254594983,-0.8513683254594983
-0.298122691243475,2.315488219106509,-2.315488219106509
3.2925832375878135,1.9487583000506061,-1.9487583000506061
-0.32088756319023326,0.9976659725217,-0.9976659725217
0.8088185436268276,0.6462861522333829,-0.6462861522333829
-2.021958007545576,0.3654426348338746,-0.3654426348338746
0.262698122714093,1.28102994181129,-1.28102994181129
-4.28920900435188,2.3467164411837453,-2.3467164411837453
-0.2802958732015693,0.45463287063024344,-0.45463287063024344
1.3082580293241322,1.9128408147712772,-1.9128408147712772
-0.5553912039833006,0.9874634819085346,-0.9874634819085346
1.3005563642099451,1.0491752954305715,-1.0491752954305715
-0.5085167057551077,5.351434521026659,-5.351434521026659
0.8931979198778095,0.152606472837854,-0.152606472837854
-0.6435173198009181,0.29280712580386603,-0.29280712580386603
-2.602155678369827,3.2853502178464,-3.2853502178464
0.44253451621576395,1.1648928411551156,-1.1648928411551156
0.20961954631363552,0.5711097466465117,-0.5711097466465117
0.8919026497453113,2.264706230858228,-2.264706230858228
0.9947670332855945,1.6343036620255644,-1.6343036620255644
1.8290988936219599,1.7981176260829927,-1.7981176260829927
-2.4600355887190366,0.25045944365057105,-0.25045944365057105
-0.7994470007289042,0.6052896241543609,-0.6052896241543609
-0.47396363559978283,2.3499235340460447,-2.3499235340460447
1.7199908769809271,2.255216255453307,-2.255216255453307
1.3792634893157023,2.052621565138534,-2.052621565138534
0.6451343191261204,2.8991034027567033,-2.8991034027567033
1.269955855720055,0.9435528749610032,-0.9435528749610032
0.9343488335101287,0.6979350268643277,-0.6979350268643277
0.008181554054428594,1.044552098359837,-1.044552098359837
-0.9752125519429725,1.1674688455666513,-1.1674688455666513
-0.08026105305561666,4.027118903210887,-4.027118903210887
0.4249089261568404,5.289576710044856,-5.289576710044856
-0.49527347599780647,1.0166049623656164,-1.0166049623656164
0.5605821292756744,1.2618104479668968,-1.2618104479668968
-0.0508139906670808,0.5319533396223024,-0.5319533396223024
-1.9394210730593238,1.4925425554752807,-1.4925425554752807
0.08839611061879744,1.8301701187621024,-1.8301701187621024
0.06130011530535571,1.008549641373425,-1.008549641373425
0.9818115348552293,0.5041225080270414,-0.5041225080270414
-1.842346989136729,0.908638735202262,-0.908638735202262
-0.8635118708463315,2.1918131969236287,-2.1918131969236287
-1.5371992272744657,1.062104187129076,-1.062104187129076
-1.3083832082582627,1.1632825307307273,-1.1632825307307273
-1.3045566687099202,1.2162773279057282,-1.2162773279057282
0.4854276174754502,1.1496233585686797,-1.1496233585686797
-1.1012946894215658,4.539314947324303,-4.539314947324303
1.7664216712160006,0.18309352479755056,-0.18309352479755056
-2.0830582030363614,0.9993544717109748,-0.9993544717109748
-0.7707111341677045,0.4473735680112823,-0.4473735680112823
-0.8640083960126564,5.6387153421602845,-5.6387153421602845
-0.913687262152911,1.1616671774357936,-1.1616671774357936
2.4948217220706805,3.243353123030049,-3.243353123030049
-0.6600215837834856,2.7642693633263593,-2.7642693633263593
-0.562818346017193,3.0312974195214775,-3.0312974195214775
-0.8602661998611953,0.22793602013209674,-0.22793602013209674
0.28875852670638635,0.042055494955141284,-0.042055494955141284
-0.08386402367163232,0.9491084001928799,-0.9491084001928799
0.2531519057494957,0.13767521068099864,-0.13767521068099864
-0.7254416491219604,3.80456037343791,-3.80456037343791
1.0405907507139356,0.9661836105433027,-0.9661836105433027
1.1798728072126994,0.5766482387593492,-0.5766482387593492
-2.7748014931288245,0.9008465090476888,-0.9008465090476888
0.1450957025649127,3.7682794283601866,-3.7682794283601866
2.4264061467952054,2.060369684736705,-2.060369684736705
-0.9039848341107718,0.892390979916156,-0.892390979916156
0.3646192096440803,1.404871384712056,-1.404871384712056
-0.7509936196257782,0.5363742595808231,-0.5363742595808231
0.582259955445965,1.1263528692471192,-1.1263528692471192
-0.08648979802221246,0.6133427849087557,-0.6133427849087557
-1.2663312032218033,1.7503250647479784,-1.7503250647479784
1.4493448272879204,0.5185592837850475,-0.5185592837850475
-6.548529459849265,2.357437331688852,-2.357437331688852
-0.04499393992464182,0.34680561541892674,-0.34680561541892674
-0.37896734809121907,0.7410775764007483,-0.7410775764007483
-1.2818566931791353,0.7853444623502107,-0.7853444623502107
0.7174304814555237,0.1549999910036733,-0.1549999910036733
1.2087077135590187,0.647572956200552,-0.647572956200552
0.7557278338504799,1.6264353253035324,-1.6264353253035324
-6.513748153153068,2.282841942152241,-2.282841942152241
-2.779726173602448,1.0744587983997618,-1.0744587983997618
0.4044351473138092,2.117007421494305,-2.117007421494305
0.09553874504563466,0.3014773564059192,-0.3014773564059192
0.35940697044666725,1.5062228697868507,-1.5062228697868507
1.351344000636308,0.43572842596290984,-0.43572842596290984
1.1468427448674547,0.7902391596388869,-0.7902391596388869
-0.1416592232214691,0.835057490154632,-0.835057490154632
-0.141827097381734,4.259065172327542,-4.259065172327542
0.1646553916492093,0.39719909150111954,-0.39719909150111954
-0.6748424194647408,3.969954919888283,-3.969954919888283
0.36862614069794125,0.2006734567073092,-0.2006734567073092
0.12955856958268674,6.34550649165158,-6.34550649165158
0.28694888830157744,0.45498317558958723,-0.45498317558958723
-0.10240555543815424,0.28766323858353,-0.28766323858353
0.7567051572463438,1.6310528244537352,-1.6310528244537352
-0.45850755272532917,2.1870453666940595,-2.1870453666940595
5.941579076276869,0.7466101376771084,-0.7466101376771084
-1.7323374464582943,0.9939851320012396,-0.9939851320012396
-0.7088132881174204,6.503289928696462,-6.503289928696462
-3.0208323582101064,1.445971106990219,-1.445971106990219
-2.415089335813483,0.1317125827499116,-0.1317125827499116
3.0398631705693187,0.5300501980493804,-0.5300501980493804
1.6247900311647614,0.42198672930395476,-0.42198672930395476
1.4507790148304036,0.6950656754753789,-0.6950656754753789
0.09421484828388944,2.2203562797867424,-2.2203562797867424
-0.008134234433643112,0.13349570550422574,-0.13349570550422574
0.1653946577853554,3.5064892221051265,-3.5064892221051265
-0.029305078166845647,0.8749271627078564,-0.8749271627078564
-0.04055433331608134,0.8974507685628588,-0.8974507685628588
0.4231846483587995,0.6476358254241248,-0.6476358254241248
0.5455949614879765,0.7782780048025842,-0.7782780048025842
2.313598560252374,1.1256503183644229,-1.1256503183644229
1.8145992286200905,0.4345788574388233,-0.4345788574388233
-1.4806257917813688,0.6437795148906184,-0.6437795148906184
0.6154407231692003,2.947219986471664,-2.947219986471664
-1.519273676449389,1.5174618375017053,-1.5174618375017053
-1.7648126333274352,0.056936922599335,-0.056936922599335
4.712756019259453,0.3773831888097214,-0.3773831888097214
0.22162006873546283,1.550450219988533,-1.550450219988533
-1.1025596610214214,0.9710172560857318,-0.9710172560857318
1.4850086444595014,2.7491770465392067,-2.7491770465392067
-0.05487952943194175,0.5889898523682328,-0.5889898523682328
-1.0777644743872465,0.25397731482787345,-0.25397731482787345
4.246060296972069,0.3239263306075635,-0.3239263306075635
-2.436694177081707,3.8412968066258255,-3.8412968066258255
0.36550222650481407,1.353587398771828,-1.353587398771828
3.7466220589384247,0.1858446960417517,-0.1858446960417517
0.07056949190917806,1.3339731199298883,-1.3339731199298883
2.651528757751048,0.46856392258668234,-0.46856392258668234
0.36823969277381896,1.275669299358707,-1.275669299358707
-0.4304449136467536,2.6280899830132065,-2.6280899830132065
0.2047662491958168,0.5193371140066125,-0.5193371140066125
1.1737168772510802,0.4742174346868295,-0.4742174346868295
-0.533836512507023,1.024088309720785,-1.024088309720785
-0.11868024830050883,1.0252861459140028,-1.0252861459140028
0.9422469101099042,0.9307854836605077,-0.9307854836605077
1.332137846214329,0.638494002423969,-0.638494002423969
1.2374726006338996,0.42887626424812186,-0.42887626424812186
-0.20345709062123524,0.7880516323044018,-0.7880516323044018
1.026248646152005,1.289164735036477,-1.289164735036477
0.32849658300885903,0.7212164925344062,-0.7212164925344062
0.30668126141964513,0.9172039771183285,-0.9172039771183285
-1.158665122592897,3.7977327731566306,-3.7977327731566306
-0.8017464460506949,1.3260286444954308,-1.3260286444954308
-0.22985990991174943,0.5219687037928953,-0.5219687037928953
0.5163284352938122,2.1489268199101925,-2.1489268199101925
-0.2667340517786246,0.9331801986163769,-0.9331801986163769
-0.08790876864891363,1.0858426018570893,-1.0858426018570893
-0.18686262363193928,0.8182687898963987,-0.8182687898963987
